{
    "name": "[COLOR FFE68B00]Infinity[/COLOR] (Source Select)",
    "plugin": "plugin.video.infinity",
    "priority": 23,
    "is_resolvable": "true",
    "play_episode": "plugin://plugin.video.infinity/?action=play&title={title_url}&year={showyear}&imdb={imdb}&tmdb={tmdb}&season={season}&episode={episode}&tvshowtitle={showname_url}&premiered={firstaired}&select=0",
    "play_movie": "plugin://plugin.video.infinity/?action=play&title={title_url}&year={year}&imdb={imdb}&tmdb={tmdb}&select=0",
    "requires_ids": true
}